pid,label,autores,keyword,grupo,fecha,ciudad,pais,conseguido,tipo_principal,nota,medio_impresion,intervencion_manual,portada_color,portada_especial,internas_color,papel_portada_color,Compaginado,order,layout,collection,thumbnail,full,manifest,descripcion,nota_archivo,editores
4530labezaca_lp4ufkpzjg,45-30,"Base-v, Antihéroe, Felipe Cortés, Estudio Monitor, María Isabel Rueda, Katherine León, Nei, Colombian Trash, Santiago Romero, E.T.I.C.A, Joystick, Julieta Miguez, Excusado2, Nomono, Tiago Pina, Sebastián Bayona, Carlos Bonil, Ulises Moises, Don Ramones, Julián Chávez, Santiago Martínez, Laura Quiñónez, Icaro Zorbar, Camilo Pachón, Alejandro Narváez, José Luis Guio",4530labezaca,LaBezaca,2006,Bogotá,Colombia,Gratis en Feria del libro de Bogotá,Ilustración,"Es un libro que invita a rayar, recortar, colorear, etc.",Offset,no,full,No,no,no,Cuadernillo,00,zine_item,zines,"/img/derivatives/iiif/images/4530labezaca_lp4ufkpzjg/full/250,/0/default.jpg","/img/derivatives/iiif/images/4530labezaca_lp4ufkpzjg/full/1140,/0/default.jpg",/img/derivatives/iiif/4530labezaca_lp4ufkpzjg/manifest.json,"","",""
abecedariokn_lp4u12vdg8,El ABECEDARIO,"Leonardo Kuntscher, Marcelo Mosqueira",abecedarioknutschermancini,Colección Espantitos,2015,Buenos Aires,Argentina,Regalo de Paula Rodríguez Gómez,Ilustración,"",Offset,no,full,No,no,no,Cuadernillo,01,zine_item,zines,"/img/derivatives/iiif/images/abecedariokn_lp4u12vdg8/full/250,/0/default.jpg","/img/derivatives/iiif/images/abecedariokn_lp4u12vdg8/full/1140,/0/default.jpg",/img/derivatives/iiif/abecedariokn_lp4u12vdg8/manifest.json,"","",""
almanaquebri_lp4uettew7,Almanaque Pintoresco de Bristol para el año 2008 calculado expresamente para La República de Colombia,Lanman & Kemp Barclay & CO. Incorporated,almanaquebristol2008,"",2008,Westwood,Estados Unidos,Comprado en la calle,Texto,Edición en conmemoración del 200 aniversario del Agua Florida de Murray y Lanman,Offset,no,no,No,no,sí,Cuadernillo,02,zine_item,zines,"/img/derivatives/iiif/images/almanaquebri_lp4uettew7/full/250,/0/default.jpg","/img/derivatives/iiif/images/almanaquebri_lp4uettew7/full/1140,/0/default.jpg",/img/derivatives/iiif/almanaquebri_lp4uettew7/manifest.json,"","",""
amalgamafilm_lp4u3xa8r6,Amalgama,Filmigrana,amalgamafilmigrana,"",2017,Bogotá,Colombia,Comprado en feria Macarenazo,Texto,"",Offset,no,no,No,duo,sí,Cuadernillo,03,zine_item,zines,"/img/derivatives/iiif/images/amalgamafilm_lp4u3xa8r6/full/250,/0/default.jpg","/img/derivatives/iiif/images/amalgamafilm_lp4u3xa8r6/full/1140,/0/default.jpg",/img/derivatives/iiif/amalgamafilm_lp4u3xa8r6/manifest.json,"","",""
antoninpavel_lp4sfoakdu,Antoñín,Pavel Molano,antoninpavel,"",2017,Bogotá,Colombia,Comprado en feria,Cómic,"",Offset,no,full,No,sí,no,Cuadernillo,04,zine_item,zines,"/img/derivatives/iiif/images/antoninpavel_lp4sfoakdu/full/250,/0/default.jpg","/img/derivatives/iiif/images/antoninpavel_lp4sfoakdu/full/1140,/0/default.jpg",/img/derivatives/iiif/antoninpavel_lp4sfoakdu/manifest.json,"","",""
aplaceintime_lp4u2dsqtt,A Place in Time. Two paths to a television broadcast,Kevin Hamilton,aplaceintimehamilton,"",2012,Urbana,Estados Unidos,Gratis en el IMC (Independent Media Center) de Urbana,Cómic,"",Digital,no,duo,No,no,no,Cuadernillo,05,zine_item,zines,"/img/derivatives/iiif/images/aplaceintime_lp4u2dsqtt/full/250,/0/default.jpg","/img/derivatives/iiif/images/aplaceintime_lp4u2dsqtt/full/1140,/0/default.jpg",/img/derivatives/iiif/aplaceintime_lp4u2dsqtt/manifest.json,"","",""
atroz0000000_lp4u1qok82,Atroz,"Malchico, Buytronick, Chirrete, Uneg, Pape, Phize, Stash, Senk, Ute, Lora, Bizarre, Done, Ita, Cesar",atroz,"",2009,México D.F.,México,Comprado en feria,Ilustración,"",Offset,no,no,Serigrafía,no,sí,Cuadernillo,06,zine_item,zines,"/img/derivatives/iiif/images/atroz0000000_lp4u1qok82/full/250,/0/default.jpg","/img/derivatives/iiif/images/atroz0000000_lp4u1qok82/full/1140,/0/default.jpg",/img/derivatives/iiif/atroz0000000_lp4u1qok82/manifest.json,Compilación de ilustraciones de varies autores. La premisa es que todas las ilustraciones debían hacerse a mano.,"",""
ayayaysergio_lp4u3sgcl2,Ayayay,Sergio Rodríguez Gómez,ayayaysergiorodriguezgomez,"",2022,Bogotá,Colombia,Elaboración propia,Cómic,"",Fotocopia,no,no,No,no,sí,Cuadernillo,07,zine_item,zines,"/img/derivatives/iiif/images/ayayaysergio_lp4u3sgcl2/full/250,/0/default.jpg","/img/derivatives/iiif/images/ayayaysergio_lp4u3sgcl2/full/1140,/0/default.jpg",/img/derivatives/iiif/ayayaysergio_lp4u3sgcl2/manifest.json,"","",""
badlandasman_lp4udox4ev,Badlands,Manuel Hernández Ruiz,badlandasmanuelhernandezruiz,"",2019,Bogotá,Colombia,Gratis en exposición SNA (Salón Nacional de Artistas) 45,Ilustración,"Parte de la curaduría LLamitas al viento de Manuel Kalmanovitz, Salón Nacional de Artistas 45",Offset,no,full,No,full,no,Cuadernillo,08,zine_item,zines,"/img/derivatives/iiif/images/badlandasman_lp4udox4ev/full/250,/0/default.jpg","/img/derivatives/iiif/images/badlandasman_lp4udox4ev/full/1140,/0/default.jpg",/img/derivatives/iiif/badlandasman_lp4udox4ev/manifest.json,"","",""
badmuleragma_lp4ugcsge0,Bad Mule Rag 2,Mark Roberts,badmuleragmarkroberts,"",2023,Urbana,Estados Unidos,Regalo de Janaynne Carvalho do Amaral,Ilustración,"",Offset,no,full,No,full,na,Cuadernillo,09,zine_item,zines,"/img/derivatives/iiif/images/badmuleragma_lp4ugcsge0/full/250,/0/default.jpg","/img/derivatives/iiif/images/badmuleragma_lp4ugcsge0/full/1140,/0/default.jpg",/img/derivatives/iiif/badmuleragma_lp4ugcsge0/manifest.json,"","",""
basurama0100_lp4uep4k7a,Basurama 01,"Mecamutanterio, Buytronick, Stinkfish, Chirrete, Malchico, Ponce, Azteck, Aeon",basurama01,"",2009,México D.F.,México,Comprado en feria,Ilustración,"",Offset,no,duo,No,no,no,Cuadernillo,10,zine_item,zines,"/img/derivatives/iiif/images/basurama0100_lp4uep4k7a/full/250,/0/default.jpg","/img/derivatives/iiif/images/basurama0100_lp4uep4k7a/full/1140,/0/default.jpg",/img/derivatives/iiif/basurama0100_lp4uep4k7a/manifest.json,"","",""
bazuca000000_lp4u1mbbqa,Bazuca,"Mike Diana, Piñata, Edwin Sandoval, Lisa Czech, Mistress Rat, Gabriela Fraga, Tourlas G, Hurrican Ivan, Santi Seta, Cameron Forsley, Coyote, David Galliquio, Señor Berumen, Onsmith Jeremy, Eden D, Simone Chiorlerio, Suki Sánchez, Detrito, Manuel Hernández, Desperfecto, Taxaz, Mañe, Dr.Blugie, Vinker, Alpz, Toxo, Abby, Ana Mardoquea, Jim Pluk, Apestosa, Pagannini, Meza, Danitos",bazuca,"",2017,Bucaramanga,Colombia,Comprado en feria,Cómic,"",Fotocopia,no,tri,No,no,no,Cuadernillo,11,zine_item,zines,"/img/derivatives/iiif/images/bazuca000000_lp4u1mbbqa/full/250,/0/default.jpg","/img/derivatives/iiif/images/bazuca000000_lp4u1mbbqa/full/1140,/0/default.jpg",/img/derivatives/iiif/bazuca000000_lp4u1mbbqa/manifest.json,"Compilación de varios autores colombianos e internacionales, cómic estilo cutre-chiroso.","",""
blackpeoples_lp4u38orvq,The Black People's Prison Survival Guide,Abdullah,blackpeoplesprisonsurvivalguideabdullah,"",1998,Baltimore,Estados Unidos,Gratis en el IMC (Independent Media Center) de Urbana,Texto,"",Fotocopia,no,no,No,no,no,Cuadernillo,12,zine_item,zines,"/img/derivatives/iiif/images/blackpeoples_lp4u38orvq/full/250,/0/default.jpg","/img/derivatives/iiif/images/blackpeoples_lp4u38orvq/full/1140,/0/default.jpg",/img/derivatives/iiif/blackpeoples_lp4u38orvq/manifest.json,"","",""
borderodrigo_lp4u3co3dp,Borde,Rodrigo la Hoz,borderodrigolahoz,"",2009,Lima,Perú,Comprado en una tienda en Lima,Cómic,"",Fotocopia,no,no,No,no,no,Cuadernillo,13,zine_item,zines,"/img/derivatives/iiif/images/borderodrigo_lp4u3co3dp/full/250,/0/default.jpg","/img/derivatives/iiif/images/borderodrigo_lp4u3co3dp/full/1140,/0/default.jpg",/img/derivatives/iiif/borderodrigo_lp4u3co3dp/manifest.json,"","",""
canondaeagua_lp4udayf5m,Canon de Aguacate,Alejandra Arboleda Tilano,canondaeaguacatealejandraarboledatilano,"",2018,Medellín,Colombia,Comprado en feria,Cómic,Tiene algunas páginas con papel periódico (haciendo referencia a la maduración del aguacate) y tipografía manual con esténcil,Risografía,sí,tri,No,tetra,no,Cuadernillo,14,zine_item,zines,"/img/derivatives/iiif/images/canondaeagua_lp4udayf5m/full/250,/0/default.jpg","/img/derivatives/iiif/images/canondaeagua_lp4udayf5m/full/1140,/0/default.jpg",/img/derivatives/iiif/canondaeagua_lp4udayf5m/manifest.json,"","",""
cripsgusanil_lp4ufsse7a,Crips,Gusanillo,cripsgusanillo,"",2019,Soacha,Colombia,Comprado en feria,Cómic,"",Fotocopia,no,full,Offset,no,no,Cuadernillo,15,zine_item,zines,"/img/derivatives/iiif/images/cripsgusanil_lp4ufsse7a/full/250,/0/default.jpg","/img/derivatives/iiif/images/cripsgusanil_lp4ufsse7a/full/1140,/0/default.jpg",/img/derivatives/iiif/cripsgusanil_lp4ufsse7a/manifest.json,"","",""
dondalducklo_lp4u261q2p,Donald Duck Lookalikes,Dirk Verschure,dondalducklookalikesverschure,"",2017,Berlín,Alemania,Comprado en feria en Berlín,Ilustración,"",Digital,no,no,Serigrafía,no,sí,Cuadernillo,16,zine_item,zines,"/img/derivatives/iiif/images/dondalducklo_lp4u261q2p/full/250,/0/default.jpg","/img/derivatives/iiif/images/dondalducklo_lp4u261q2p/full/1140,/0/default.jpg",/img/derivatives/iiif/dondalducklo_lp4u261q2p/manifest.json,"",verificar fecha,""
elefantesyji_lp4ufc0677,Elefantes y Jirafas,"Juan Duarte, María Vanegas, Pavel Molano, Hugo Quintero, Verónica Cháves, Sergio Rodríguez Gómez, Andrea Gaitán",elefantesyjirafas4mesas,4mesas,2023,Bogotá,Colombia,Elaboración propia,Cómic,"",Offset,no,duo,No,duo,no,Cuadernillo,17,zine_item,zines,"/img/derivatives/iiif/images/elefantesyji_lp4ufc0677/full/250,/0/default.jpg","/img/derivatives/iiif/images/elefantesyji_lp4ufc0677/full/1140,/0/default.jpg",/img/derivatives/iiif/elefantesyji_lp4ufc0677/manifest.json,Compilación de cómics sobre historias de Colombia basado en su estética en los panfletos y revistas de inicios del siglo XX.,"",""
elfuetesna00_lp4ufwo69j,El Fuete,"Néstor Cardona Junior, Carlos Gustavo Álvarez, Neotropico, Matador, Chócolo, Mheo, Dioscorides",elfuetesna,"",2016,Pereira,Colombia,Gratis en el Salón Nacional de Artistas 44 en Pereira,Ilustración,"",Offset,no,full,No,full,na,Cuadernillo,18,zine_item,zines,"/img/derivatives/iiif/images/elfuetesna00_lp4ufwo69j/full/250,/0/default.jpg","/img/derivatives/iiif/images/elfuetesna00_lp4ufwo69j/full/1140,/0/default.jpg",/img/derivatives/iiif/elfuetesna00_lp4ufwo69j/manifest.json,"","",""
elladooscuro_lp4u2t9rlw,El lado oscuro de la luna es un Cómic,Gusanillo,elladooscurodelalunaesuncomicgusanillo,Historietas Carajo,2020,Soacha,Colombia,Comprado a autor,Cómic,"",Fotocopia,no,no,No,no,no,Cuadernillo,19,zine_item,zines,"/img/derivatives/iiif/images/elladooscuro_lp4u2t9rlw/full/250,/0/default.jpg","/img/derivatives/iiif/images/elladooscuro_lp4u2t9rlw/full/1140,/0/default.jpg",/img/derivatives/iiif/elladooscuro_lp4u2t9rlw/manifest.json,"","",""
entrelasrama_lp4udf9hm2,Entre las ramas ando,Kevin Simón Mancera,entrelasramasandokevinmancera,"",2019,Bogotá,Colombia,Gratis en exposición SNA (Salón Nacional de Artistas) 45,Ilustración,"Parte de la curaduría LLamitas al viento de Manuel Kalmanovitz, Salón Nacional de Artistas 45",Offset,no,full,No,full,no,Cuadernillo,20,zine_item,zines,"/img/derivatives/iiif/images/entrelasrama_lp4udf9hm2/full/250,/0/default.jpg","/img/derivatives/iiif/images/entrelasrama_lp4udf9hm2/full/1140,/0/default.jpg",/img/derivatives/iiif/entrelasrama_lp4udf9hm2/manifest.json,"","",""
ficciorama92_lp4ualmv0b,Ficciorama 92,Boris Greiff,ficciorama92borisgreiff,"",2019,Bogotá,Colombia,Regalo de Boris Greiff,Texto,"",Fotocopia,no,no,No,no,no,Cuadernillo,21,zine_item,zines,"/img/derivatives/iiif/images/ficciorama92_lp4ualmv0b/full/250,/0/default.jpg","/img/derivatives/iiif/images/ficciorama92_lp4ualmv0b/full/1140,/0/default.jpg",/img/derivatives/iiif/ficciorama92_lp4ualmv0b/manifest.json,"","",""
franciscogus_lp4uffsine,Francisco,Gusanillo,franciscogusanillo,"",2020,Soacha,Colombia,"Regalo de Miguel Vallejo ""Gusanillo""",Cómic,"",Risografía,no,duo,No,duo,no,Cuadernillo,22,zine_item,zines,"/img/derivatives/iiif/images/franciscogus_lp4uffsine/full/250,/0/default.jpg","/img/derivatives/iiif/images/franciscogus_lp4uffsine/full/1140,/0/default.jpg",/img/derivatives/iiif/franciscogus_lp4uffsine/manifest.json,Cómic sobre la vida del Papa Francisco.,"",""
fuzilarmagra_lp4uar8s0h,Fuzil. Arma Grafika,"Base-v, Ex2 Saint Cat, Raya, Metralla, Kontra, M79, Pulpa, V8, BluemoonSkin, Fernardo Cardona, Harold Pardey, Carlos Torres, Dr.Makila",fuzilarmagrafika,"",2007,Cali,Colombia,Comprado en feria,Ilustración,"",Offset,no,no,No,no,sí,Cuadernillo,23,zine_item,zines,"/img/derivatives/iiif/images/fuzilarmagra_lp4uar8s0h/full/250,/0/default.jpg","/img/derivatives/iiif/images/fuzilarmagra_lp4uar8s0h/full/1140,/0/default.jpg",/img/derivatives/iiif/fuzilarmagra_lp4uar8s0h/manifest.json,"","","Ruda,Dr.Makila"
galeriaconce_lp4u0ndpe7,Galería De Conceptos,"Leonardo Kuntscher, Marcelo Mosqueira",galeriaconceptos,Colección Espantitos,2016,Buenos Aires,Argentina,Regalo de Paula Rodríguez Gómez,Ilustración,"",Offset,no,full,No,no,no,Cuadernillo,24,zine_item,zines,"/img/derivatives/iiif/images/galeriaconce_lp4u0ndpe7/full/250,/0/default.jpg","/img/derivatives/iiif/images/galeriaconce_lp4u0ndpe7/full/1140,/0/default.jpg",/img/derivatives/iiif/galeriaconce_lp4u0ndpe7/manifest.json,"","",""
grawlixes2va_lp4u3h4988,Programming with grawlixex 2. How Grawlixes Structured Comix,Marc van Elburg,grawlixes2valelburg,"",2014,"",Países Bajos,Regalo de Ocean Val Arboniés Flores,Texto,"",Fotocopia,no,no,No,no,no,Cuadernillo,25,zine_item,zines,"/img/derivatives/iiif/images/grawlixes2va_lp4u3h4988/full/250,/0/default.jpg","/img/derivatives/iiif/images/grawlixes2va_lp4u3h4988/full/1140,/0/default.jpg",/img/derivatives/iiif/grawlixes2va_lp4u3h4988/manifest.json,"","",""
grimoriobara_lp4ue4h7nl,Grimorio de Conjuros Musicales de ((Barakus)),"Alex Cendales ""Barakus"", Mario Alberto León Bonilla",grimoriobarakus,"",2017,Bogotá,Colombia,Comprado a autor,Ilustración,Incluye CD musical,Digital,no,no,No,no,sí,Cuadernillo,26,zine_item,zines,"/img/derivatives/iiif/images/grimoriobara_lp4ue4h7nl/full/250,/0/default.jpg","/img/derivatives/iiif/images/grimoriobara_lp4ue4h7nl/full/1140,/0/default.jpg",/img/derivatives/iiif/grimoriobara_lp4ue4h7nl/manifest.json,"","",""
groundskeepe_lp4uf2r9ka,Groundskeepers,AnneMarie Rogers,groundskeepersannemarierogers,"",2023,Chicago,Estados Unidos,Comprado en Quimby´s Chicago,Cómic,"",Digital,no,duo,No,duo,no,Cuadernillo,27,zine_item,zines,"/img/derivatives/iiif/images/groundskeepe_lp4uf2r9ka/full/250,/0/default.jpg","/img/derivatives/iiif/images/groundskeepe_lp4uf2r9ka/full/1140,/0/default.jpg",/img/derivatives/iiif/groundskeepe_lp4uf2r9ka/manifest.json,"","",""
lacasadelasl_lp4u2jj17s,La casa de las luces que estallan,Gatoenbus,lacasadelaslucesqueestallangatoenbus,Chigüiro Comix,2020,Pereira,Colombia,Comprado en feria Papel Caliente,Cómic,"",Digital,no,no,No,no,no,Cuadernillo,28,zine_item,zines,"/img/derivatives/iiif/images/lacasadelasl_lp4u2jj17s/full/250,/0/default.jpg","/img/derivatives/iiif/images/lacasadelasl_lp4u2jj17s/full/1140,/0/default.jpg",/img/derivatives/iiif/lacasadelasl_lp4u2jj17s/manifest.json,"","",""
libroparacol_lp4u2xte44,Libro para coloriar,"José Guio, Malchico, Ángela Acosta",libroparacoloriarvolcan,"",2009,Bogotá,Colombia,Comprado en feria,Ilustración,"Páginas de distintos tipos y tamaños, intervenciones manuales",Fotocopia,sí,no,No,no,no,Cuadernillo,29,zine_item,zines,"/img/derivatives/iiif/images/libroparacol_lp4u2xte44/full/250,/0/default.jpg","/img/derivatives/iiif/images/libroparacol_lp4u2xte44/full/1140,/0/default.jpg",/img/derivatives/iiif/libroparacol_lp4u2xte44/manifest.json,"","",""
maestrosinu0_lp4ty26k94,Colección Grandes Maestros del Cómic Colombiano,Inu Waters,maestrosinu,"",2006,Bogotá,Colombia,Comprado en feria,Cómic,"",Offset,no,duo,No,no,no,Cuadernillo,30,zine_item,zines,"/img/derivatives/iiif/images/maestrosinu0_lp4ty26k94/full/250,/0/default.jpg","/img/derivatives/iiif/images/maestrosinu0_lp4ty26k94/full/1140,/0/default.jpg",/img/derivatives/iiif/maestrosinu0_lp4ty26k94/manifest.json,"","",""
mastercopyme_lp4uelchmj,Master/Copy. Juan & Wilson [1995 - 1998],"Juan Mejía, Wilson Díaz",mastercopymejiadiaz,"",2012,Bogotá,Colombia,Gratis en la exposición,Fotografía,"",Offset,no,full,No,full,no,Cuadernillo,31,zine_item,zines,"/img/derivatives/iiif/images/mastercopyme_lp4uelchmj/full/250,/0/default.jpg","/img/derivatives/iiif/images/mastercopyme_lp4uelchmj/full/1140,/0/default.jpg",/img/derivatives/iiif/mastercopyme_lp4uelchmj/manifest.json,Catálogo de la exposición con el mismo nombre sobre la obra conjunta de los artistas Juan Mejía y Wilson Díaz,"",""
milagrossins_lp4sfoa5bk,Milagros,"Sebastián Arriaga, Rafael Díaz, Sergio Rodríguez Gómez, José Sanín",milagrossinserifa,"",2012,Bogotá,Colombia,Elaboración propia,Ilustración,"",Offset,no,no,No,no,no,Plegable,32,zine_item,zines,"/img/derivatives/iiif/images/milagrossins_lp4sfoa5bk/full/250,/0/default.jpg","/img/derivatives/iiif/images/milagrossins_lp4sfoa5bk/full/1140,/0/default.jpg",/img/derivatives/iiif/milagrossins_lp4sfoa5bk/manifest.json,"","",""
mostrillocon_lp4uecvdza,Mostrillo,"Juan Alberto Conde Aldana, Camilo Conde Aldana",mostrillocondealdana,"",2019,Bogotá,Colombia,Gratis en exposición SNA (Salón Nacional de Artistas) 45,Cómic,"",Offset,no,full,No,full,no,Cuadernillo,33,zine_item,zines,"/img/derivatives/iiif/images/mostrillocon_lp4uecvdza/full/250,/0/default.jpg","/img/derivatives/iiif/images/mostrillocon_lp4uecvdza/full/1140,/0/default.jpg",/img/derivatives/iiif/mostrillocon_lp4uecvdza/manifest.json,"","",""
nostalgiajul_lp4u3o1f4g,nostalgia,Julián Bermúdez Ramírez,nostalgiajulianbermidezramirez,"Primario,Palm Press",2022,Bogotá,Colombia,Comprado en feria,Ilustración,"",Offset,no,full,No,full,no,Cuadernillo,34,zine_item,zines,"/img/derivatives/iiif/images/nostalgiajul_lp4u3o1f4g/full/250,/0/default.jpg","/img/derivatives/iiif/images/nostalgiajul_lp4u3o1f4g/full/1140,/0/default.jpg",/img/derivatives/iiif/nostalgiajul_lp4u3o1f4g/manifest.json,"","",""
pertenecerka_lp4ug7f0wk,Pertenecer,Katrina Melguizovski,pertenecerkatrinameguizovski,"",2019,Bogotá,Colombia,Comprado en feria,Ilustración,"",Digital,no,duo,Repujado,duo,sí,Cuadernillo,35,zine_item,zines,"/img/derivatives/iiif/images/pertenecerka_lp4ug7f0wk/full/250,/0/default.jpg","/img/derivatives/iiif/images/pertenecerka_lp4ug7f0wk/full/1140,/0/default.jpg",/img/derivatives/iiif/pertenecerka_lp4ug7f0wk/manifest.json,"",verificar fecha,""
radicalvolca_lp4u0aagqj,Radical. Coloring Book,"José Guio,Malchico, Ángela Acosta",radicalvolcan,Volcán,2009,Bogotá,Colombia,Comprado en feria,Ilustración,"",Fotocopia,sí,no,No,no,sí,Cuadernillo,36,zine_item,zines,"/img/derivatives/iiif/images/radicalvolca_lp4u0aagqj/full/250,/0/default.jpg","/img/derivatives/iiif/images/radicalvolca_lp4u0aagqj/full/1140,/0/default.jpg",/img/derivatives/iiif/radicalvolca_lp4u0aagqj/manifest.json,"","",""
rataygusanog_lp4udviz5v,Rata y Gusano 1,Gamba Zika,rataygusanogambazika,Argot Nativo,2020,Bogotá,Colombia,Comprado en feria,Cómic,"",Offset,no,no,No,no,no,Cuadernillo,37,zine_item,zines,"/img/derivatives/iiif/images/rataygusanog_lp4udviz5v/full/250,/0/default.jpg","/img/derivatives/iiif/images/rataygusanog_lp4udviz5v/full/1140,/0/default.jpg",/img/derivatives/iiif/rataygusanog_lp4udviz5v/manifest.json,"","",""
rellena2frix_lp4u15hp9x,Rellena 2,"Inti,Mateo, Felipe, Zinko, Fenomena, Marco, Stink, Malcreado, Lorena",rellena2frixinu,"",2008,Bogotá,Colombia,Comprado en feria,Ilustración,"",Offset,no,no,No,no,no,Cuadernillo,38,zine_item,zines,"/img/derivatives/iiif/images/rellena2frix_lp4u15hp9x/full/250,/0/default.jpg","/img/derivatives/iiif/images/rellena2frix_lp4u15hp9x/full/1140,/0/default.jpg",/img/derivatives/iiif/rellena2frix_lp4u15hp9x/manifest.json,"","","Andrés Frix,Inu Waters"
revistamefis_lp4sfobdfy,Revista Mefistófeles,"Proun, Mefistófeles, Nómada Urbano, Luis Fernando Medina, Inti Guevara, Toxicómano Callejero, Antígona, djlu, Inu Waters, Mauricio Sarmiento, Diana Martínez, Omar Alonso, Don Natie, Zokos Stencil, Gráfica para enfermos, 3fullk, FE y SA, Don Ramones",revistamefistofeles,Mefisto,2006,Bogotá,Colombia,Comprado en feria,Texto,Incluye CD-ROM Multimedia (Perdido),Offset,no,duo,No,no,no,Cuadernillo,39,zine_item,zines,"/img/derivatives/iiif/images/revistamefis_lp4sfobdfy/full/250,/0/default.jpg","/img/derivatives/iiif/images/revistamefis_lp4sfobdfy/full/1140,/0/default.jpg",/img/derivatives/iiif/revistamefis_lp4sfobdfy/manifest.json,"","",""
robotrhapsod_lp4uf753pl,Robot Rapsodies,"ChatGPT, Building a (Better) Book",robotrhapsodies,"",2023,Urbana-Champaign,Estados Unidos,Regalo de Ryan Cordell,Texto,"",Tipos móviles,no,no,No,no,sí,Cuadernillo,40,zine_item,zines,"/img/derivatives/iiif/images/robotrhapsod_lp4uf753pl/full/250,/0/default.jpg","/img/derivatives/iiif/images/robotrhapsod_lp4uf753pl/full/1140,/0/default.jpg",/img/derivatives/iiif/robotrhapsod_lp4uf753pl/manifest.json,"Libro de poemas producido por estudiantes del curso Building a (Better) Book en la Univerdidad de Illinois en Urbana-Champaign. El libro fue compuesto con tipos móviles de la imprenta Skeumorph Press de la universidad, coordinado por Ryan Cordell, y los poemas fueron escritos usando ChatGPT.","",""
rockmedallo0_lp4ueydkr2,Rock Medallo. Festival Imaginario,"Alejandro Metaute, David Barbarán",rockmedallo,"",2020,Medellín,Colombia,Comprado en feria Fiesta del libro en Medellín,Ilustración,Conjunto de tres plegables,Offset,no,duo,No,duo,no,Plegable,41,zine_item,zines,"/img/derivatives/iiif/images/rockmedallo0_lp4ueydkr2/full/250,/0/default.jpg","/img/derivatives/iiif/images/rockmedallo0_lp4ueydkr2/full/1140,/0/default.jpg",/img/derivatives/iiif/rockmedallo0_lp4ueydkr2/manifest.json,Serie de ilustraciones sobre un festival de música imaginario. Cada plegable corresponde a un género musical distinto e incluye ilustraciones y tipografías promocionales de bandas imaginarias. El lado opuesto del plegable tiene textos alusivos a los eventos del festival.,"",""
shortieshake_lp4u0flgvi,Shortie,Diego Shaken,shortieshaken,"",2022,Bogotá,Colombia,Comprado en feria,Cómic,"",Offset,no,duo,No,duo,no,Cuadernillo,42,zine_item,zines,"/img/derivatives/iiif/images/shortieshake_lp4u0flgvi/full/250,/0/default.jpg","/img/derivatives/iiif/images/shortieshake_lp4u0flgvi/full/1140,/0/default.jpg",/img/derivatives/iiif/shortieshake_lp4u0flgvi/manifest.json,"",verificar fecha,""
styliteianma_lp4uegrbgy,Stylite,Ian Mackay,styliteianmackay,"",2022,San Francisco,Estados Unidos,Comprado en Printed Matter Nueva York,Cómic,"",Risografía,no,tri,No,tri,no,Cuadernillo,43,zine_item,zines,"/img/derivatives/iiif/images/styliteianma_lp4uegrbgy/full/250,/0/default.jpg","/img/derivatives/iiif/images/styliteianma_lp4uegrbgy/full/1140,/0/default.jpg",/img/derivatives/iiif/styliteianma_lp4uegrbgy/manifest.json,"","",""
suenospictor_lp4ufp0k6d,Sueños pictóricos -antología-,Gusanillo,suenospictoricosgusanillo,"",2020,Soacha,Colombia,Comprado en feria,Cómic,"",Fotocopia,no,duo,Risografía,no,no,Cuadernillo,44,zine_item,zines,"/img/derivatives/iiif/images/suenospictor_lp4ufp0k6d/full/250,/0/default.jpg","/img/derivatives/iiif/images/suenospictor_lp4ufp0k6d/full/1140,/0/default.jpg",/img/derivatives/iiif/suenospictor_lp4ufp0k6d/manifest.json,"","",""
testas2malch_lp4u2onqsm,Tetas 2,"Malchico, Powerpaola",testas2malchicopowerpaola,"",2009,Bogotá,Colombia,Comprado en feria,Ilustración,"",Fotocopia,no,no,No,no,sí,Cuadernillo,45,zine_item,zines,"/img/derivatives/iiif/images/testas2malch_lp4u2onqsm/full/250,/0/default.jpg","/img/derivatives/iiif/images/testas2malch_lp4u2onqsm/full/1140,/0/default.jpg",/img/derivatives/iiif/testas2malch_lp4u2onqsm/manifest.json,"","",""
theinvisible_lp4u32w3t0,The Invisible College Catalog,"Isabella Viega, Ryan Cordell, Emerson Parker Pehl, Ocean Val Arboniés Flores, D. E., Sebastián González, Bethany Anderson, Sergio Rodríguez Gómez, Lilah Leopold, Natalia Espinel",theinvisiblecollegecatalog,"",2023,Urbana,Estados Unidos,Elaboración propia,Ilustración,"",Fotocopia,no,no,No,no,no,Cuadernillo,46,zine_item,zines,"/img/derivatives/iiif/images/theinvisible_lp4u32w3t0/full/250,/0/default.jpg","/img/derivatives/iiif/images/theinvisible_lp4u32w3t0/full/1140,/0/default.jpg",/img/derivatives/iiif/theinvisible_lp4u32w3t0/manifest.json,"","",""
traganubesma_lp4ug2ncv4,El traganubes,"Manuel Fernando García, Manuel García, Laureano Díaz, Urbano Prada, Expedito Forero, Bernardo Prada",traganubesmanuelfernandogarcia,"",2018,Betulia,Colombia,Comprado en feria,Ilustración,Es un fanzine interactivo,Digital,no,full,No,no,no,Cuadernillo,47,zine_item,zines,"/img/derivatives/iiif/images/traganubesma_lp4ug2ncv4/full/250,/0/default.jpg","/img/derivatives/iiif/images/traganubesma_lp4ug2ncv4/full/1140,/0/default.jpg",/img/derivatives/iiif/traganubesma_lp4ug2ncv4/manifest.json,"","",""
tresvolcan00_lp4u1h5ilq,"Tres ""3""","José Guio, Malchico, Ángela Acosta",tresvolcan,Volcán,2009,Bogotá,Colombia,Comprado en feria,Ilustración,"",Fotocopia,sí,no,No,no,sí,Cuadernillo,48,zine_item,zines,"/img/derivatives/iiif/images/tresvolcan00_lp4u1h5ilq/full/250,/0/default.jpg","/img/derivatives/iiif/images/tresvolcan00_lp4u1h5ilq/full/1140,/0/default.jpg",/img/derivatives/iiif/tresvolcan00_lp4u1h5ilq/manifest.json,"","",""
youdontgethe_lp4u1d2hm9,You don´t get there from here #58,Carrie McNinch,youdontgetherefromheremcninch,"",2019,Granada Hills,Estados Unidos,Comprado en Quimby´s Chicago,Cómic,"",Fotocopia,no,no,No,no,no,Cuadernillo,49,zine_item,zines,"/img/derivatives/iiif/images/youdontgethe_lp4u1d2hm9/full/250,/0/default.jpg","/img/derivatives/iiif/images/youdontgethe_lp4u1d2hm9/full/1140,/0/default.jpg",/img/derivatives/iiif/youdontgethe_lp4u1d2hm9/manifest.json,Diarios de viaje en japón en cómic,"",""
zinechungo20_lp4udjjkbt,Zine Chungo 2019,"Rafael Díaz, Carlos Alfonso, Pablo Marín, Marco Noreña, Andrés Frix Bustamante",zinechungo2019,A la postre 101,2019,Bogotá,Colombia,Gratis en exposición SNA (Salón Nacional de Artistas) 45,Ilustración,"",Offset,no,full,No,full,no,Cuadernillo,50,zine_item,zines,"/img/derivatives/iiif/images/zinechungo20_lp4udjjkbt/full/250,/0/default.jpg","/img/derivatives/iiif/images/zinechungo20_lp4udjjkbt/full/1140,/0/default.jpg",/img/derivatives/iiif/zinechungo20_lp4udjjkbt/manifest.json,"","",""
